{
  "textureSize": [
    2582,
    2582
  ],
  "cellSize": 256,
  "gridSize": 10,
  "padding": 2,
  "textures": {
    "javascript": {
      "uvOffset": [
        0.000774593338497289,
        0.9000774593338497
      ],
      "uvRepeat": [
        0.09914794732765299,
        0.09914794732765297
      ]
    },
    "typescript": {
      "uvOffset": [
        0.10069713400464755,
        0.9000774593338497
      ],
      "uvRepeat": [
        0.099147947327653,
        0.09914794732765297
      ]
    },
    "java": {
      "uvOffset": [
        0.20061967467079783,
        0.9000774593338497
      ],
      "uvRepeat": [
        0.09914794732765297,
        0.09914794732765297
      ]
    },
    "java-se-11": {
      "uvOffset": [
        0.3005422153369481,
        0.9000774593338497
      ],
      "uvRepeat": [
        0.09914794732765303,
        0.09914794732765297
      ]
    },
    "jakarta-ee": {
      "uvOffset": [
        0.4004647560030984,
        0.9000774593338497
      ],
      "uvRepeat": [
        0.09914794732765297,
        0.09914794732765297
      ]
    },
    "kotlin": {
      "uvOffset": [
        0.5003872966692486,
        0.9000774593338497
      ],
      "uvRepeat": [
        0.09914794732765297,
        0.09914794732765297
      ]
    },
    "c": {
      "uvOffset": [
        0.6003098373353989,
        0.9000774593338497
      ],
      "uvRepeat": [
        0.09914794732765297,
        0.09914794732765297
      ]
    },
    "cpp": {
      "uvOffset": [
        0.7002323780015491,
        0.9000774593338497
      ],
      "uvRepeat": [
        0.09914794732765309,
        0.09914794732765297
      ]
    },
    "php": {
      "uvOffset": [
        0.8001549186676995,
        0.9000774593338497
      ],
      "uvRepeat": [
        0.09914794732765297,
        0.09914794732765297
      ]
    },
    "sql": {
      "uvOffset": [
        0.9000774593338497,
        0.9000774593338497
      ],
      "uvRepeat": [
        0.09914794732765297,
        0.09914794732765297
      ]
    },
    "solidity": {
      "uvOffset": [
        0.000774593338497289,
        0.8001549186676995
      ],
      "uvRepeat": [
        0.09914794732765299,
        0.09914794732765297
      ]
    },
    "html5": {
      "uvOffset": [
        0.10069713400464755,
        0.8001549186676995
      ],
      "uvRepeat": [
        0.099147947327653,
        0.09914794732765297
      ]
    },
    "css3": {
      "uvOffset": [
        0.20061967467079783,
        0.8001549186676995
      ],
      "uvRepeat": [
        0.09914794732765297,
        0.09914794732765297
      ]
    },
    "react": {
      "uvOffset": [
        0.3005422153369481,
        0.8001549186676995
      ],
      "uvRepeat": [
        0.09914794732765303,
        0.09914794732765297
      ]
    },
    "angular": {
      "uvOffset": [
        0.4004647560030984,
        0.8001549186676995
      ],
      "uvRepeat": [
        0.09914794732765297,
        0.09914794732765297
      ]
    },
    "vuejs": {
      "uvOffset": [
        0.5003872966692486,
        0.8001549186676995
      ],
      "uvRepeat": [
        0.09914794732765297,
        0.09914794732765297
      ]
    },
    "react-native": {
      "uvOffset": [
        0.6003098373353989,
        0.8001549186676995
      ],
      "uvRepeat": [
        0.09914794732765297,
        0.09914794732765297
      ]
    },
    "nextjs": {
      "uvOffset": [
        0.7002323780015491,
        0.8001549186676995
      ],
      "uvRepeat": [
        0.09914794732765309,
        0.09914794732765297
      ]
    },
    "ionic": {
      "uvOffset": [
        0.8001549186676995,
        0.8001549186676995
      ],
      "uvRepeat": [
        0.09914794732765297,
        0.09914794732765297
      ]
    },
    "nodejs": {
      "uvOffset": [
        0.9000774593338497,
        0.8001549186676995
      ],
      "uvRepeat": [
        0.09914794732765297,
        0.09914794732765297
      ]
    },
    "jquery": {
      "uvOffset": [
        0.000774593338497289,
        0.7002323780015491
      ],
      "uvRepeat": [
        0.09914794732765299,
        0.09914794732765309
      ]
    },
    "extjs": {
      "uvOffset": [
        0.10069713400464755,
        0.7002323780015491
      ],
      "uvRepeat": [
        0.099147947327653,
        0.09914794732765309
      ]
    },
    "gwt": {
      "uvOffset": [
        0.20061967467079783,
        0.7002323780015491
      ],
      "uvRepeat": [
        0.09914794732765297,
        0.09914794732765309
      ]
    },
    "graphql": {
      "uvOffset": [
        0.3005422153369481,
        0.7002323780015491
      ],
      "uvRepeat": [
        0.09914794732765303,
        0.09914794732765309
      ]
    },
    "spring": {
      "uvOffset": [
        0.4004647560030984,
        0.7002323780015491
      ],
      "uvRepeat": [
        0.09914794732765297,
        0.09914794732765309
      ]
    },
    "spring-boot": {
      "uvOffset": [
        0.5003872966692486,
        0.7002323780015491
      ],
      "uvRepeat": [
        0.09914794732765297,
        0.09914794732765309
      ]
    },
    "jsp": {
      "uvOffset": [
        0.6003098373353989,
        0.7002323780015491
      ],
      "uvRepeat": [
        0.09914794732765297,
        0.09914794732765309
      ]
    },
    "jsf": {
      "uvOffset": [
        0.7002323780015491,
        0.7002323780015491
      ],
      "uvRepeat": [
        0.09914794732765309,
        0.09914794732765309
      ]
    },
    "primefaces": {
      "uvOffset": [
        0.8001549186676995,
        0.7002323780015491
      ],
      "uvRepeat": [
        0.09914794732765297,
        0.09914794732765309
      ]
    },
    "hibernate": {
      "uvOffset": [
        0.9000774593338497,
        0.7002323780015491
      ],
      "uvRepeat": [
        0.09914794732765297,
        0.09914794732765309
      ]
    },
    "mysql": {
      "uvOffset": [
        0.000774593338497289,
        0.6003098373353989
      ],
      "uvRepeat": [
        0.09914794732765299,
        0.09914794732765297
      ]
    },
    "oracle-db": {
      "uvOffset": [
        0.10069713400464755,
        0.6003098373353989
      ],
      "uvRepeat": [
        0.099147947327653,
        0.09914794732765297
      ]
    },
    "git": {
      "uvOffset": [
        0.20061967467079783,
        0.6003098373353989
      ],
      "uvRepeat": [
        0.09914794732765297,
        0.09914794732765297
      ]
    },
    "svn": {
      "uvOffset": [
        0.3005422153369481,
        0.6003098373353989
      ],
      "uvRepeat": [
        0.09914794732765303,
        0.09914794732765297
      ]
    },
    "docker": {
      "uvOffset": [
        0.4004647560030984,
        0.6003098373353989
      ],
      "uvRepeat": [
        0.09914794732765297,
        0.09914794732765297
      ]
    },
    "jenkins": {
      "uvOffset": [
        0.5003872966692486,
        0.6003098373353989
      ],
      "uvRepeat": [
        0.09914794732765297,
        0.09914794732765297
      ]
    },
    "aws": {
      "uvOffset": [
        0.6003098373353989,
        0.6003098373353989
      ],
      "uvRepeat": [
        0.09914794732765297,
        0.09914794732765297
      ]
    },
    "firebase": {
      "uvOffset": [
        0.7002323780015491,
        0.6003098373353989
      ],
      "uvRepeat": [
        0.09914794732765309,
        0.09914794732765297
      ]
    },
    "openshift": {
      "uvOffset": [
        0.8001549186676995,
        0.6003098373353989
      ],
      "uvRepeat": [
        0.09914794732765297,
        0.09914794732765297
      ]
    },
    "maven": {
      "uvOffset": [
        0.9000774593338497,
        0.6003098373353989
      ],
      "uvRepeat": [
        0.09914794732765297,
        0.09914794732765297
      ]
    },
    "gradle": {
      "uvOffset": [
        0.000774593338497289,
        0.5003872966692486
      ],
      "uvRepeat": [
        0.09914794732765299,
        0.09914794732765297
      ]
    },